symbol,effective_from,effective_to,source,source_asof
RELIANCE,2014-01-01,2099-12-31,NSE_HISTORICAL_INDEX_SNAPSHOT,2014-01-01T00:00:00Z
TCS,2014-01-01,2099-12-31,NSE_HISTORICAL_INDEX_SNAPSHOT,2014-01-01T00:00:00Z
HDFCBANK,2014-01-01,2099-12-31,NSE_HISTORICAL_INDEX_SNAPSHOT,2014-01-01T00:00:00Z
INFY,2014-01-01,2099-12-31,NSE_HISTORICAL_INDEX_SNAPSHOT,2014-01-01T00:00:00Z
ICICIBANK,2014-01-01,2099-12-31,NSE_HISTORICAL_INDEX_SNAPSHOT,2014-01-01T00:00:00Z
SBIN,2014-01-01,2099-12-31,NSE_HISTORICAL_INDEX_SNAPSHOT,2014-01-01T00:00:00Z
ITC,2014-01-01,2099-12-31,NSE_HISTORICAL_INDEX_SNAPSHOT,2014-01-01T00:00:00Z
BHARTIARTL,2014-01-01,2099-12-31,NSE_HISTORICAL_INDEX_SNAPSHOT,2014-01-01T00:00:00Z
KOTAKBANK,2014-01-01,2099-12-31,NSE_HISTORICAL_INDEX_SNAPSHOT,2014-01-01T00:00:00Z
LT,2014-01-01,2099-12-31,NSE_HISTORICAL_INDEX_SNAPSHOT,2014-01-01T00:00:00Z
AXISBANK,2014-01-01,2099-12-31,NSE_HISTORICAL_INDEX_SNAPSHOT,2014-01-01T00:00:00Z
HINDUNILVR,2014-01-01,2099-12-31,NSE_HISTORICAL_INDEX_SNAPSHOT,2014-01-01T00:00:00Z
ASIANPAINT,2014-01-01,2099-12-31,NSE_HISTORICAL_INDEX_SNAPSHOT,2014-01-01T00:00:00Z
MARUTI,2014-01-01,2099-12-31,NSE_HISTORICAL_INDEX_SNAPSHOT,2014-01-01T00:00:00Z
SUNPHARMA,2014-01-01,2099-12-31,NSE_HISTORICAL_INDEX_SNAPSHOT,2014-01-01T00:00:00Z
TITAN,2014-01-01,2099-12-31,NSE_HISTORICAL_INDEX_SNAPSHOT,2014-01-01T00:00:00Z
BAJFINANCE,2014-01-01,2099-12-31,NSE_HISTORICAL_INDEX_SNAPSHOT,2014-01-01T00:00:00Z
WIPRO,2014-01-01,2099-12-31,NSE_HISTORICAL_INDEX_SNAPSHOT,2014-01-01T00:00:00Z
HCLTECH,2014-01-01,2099-12-31,NSE_HISTORICAL_INDEX_SNAPSHOT,2014-01-01T00:00:00Z
ULTRACEMCO,2014-01-01,2099-12-31,NSE_HISTORICAL_INDEX_SNAPSHOT,2014-01-01T00:00:00Z
