date,description,source
2014-01-26,Republic Day,https://www.nseindia.com
2014-02-27,Mahashivratri,https://www.nseindia.com
2014-03-17,Holi,https://www.nseindia.com
2014-04-08,Shri Ram Navami,https://www.nseindia.com
2014-04-13,Shri Mahavir Jayanti,https://www.nseindia.com
2014-04-14,Dr. Baba Saheb Ambedkar Jayanti,https://www.nseindia.com
2014-04-18,Good Friday,https://www.nseindia.com
2014-05-01,Maharashtra Day,https://www.nseindia.com
2014-07-29,Id-ul-Fitr,https://www.nseindia.com
2014-08-15,Independence Day,https://www.nseindia.com
2014-08-28,Parsi New Year,https://www.nseindia.com
2014-08-29,Ganesh Chaturthi,https://www.nseindia.com
2014-10-02,Mahatma Gandhi Jayanti,https://www.nseindia.com
2014-10-03,Dussehra,https://www.nseindia.com
2014-10-23,Diwali-Laxmi Pujan,https://www.nseindia.com
2014-10-24,Diwali-Balipratipada,https://www.nseindia.com
2014-11-06,Prakash Gurpurb Sri Guru Nanak Dev,https://www.nseindia.com
2014-12-25,Christmas,https://www.nseindia.com
2015-01-26,Republic Day,https://www.nseindia.com
2015-02-17,Mahashivratri,https://www.nseindia.com
2015-03-06,Holi,https://www.nseindia.com
2015-03-28,Shri Ram Navami,https://www.nseindia.com
2015-04-02,Shri Mahavir Jayanti,https://www.nseindia.com
2015-04-03,Good Friday,https://www.nseindia.com
2015-04-14,Dr. Baba Saheb Ambedkar Jayanti,https://www.nseindia.com
2015-05-01,Maharashtra Day,https://www.nseindia.com
2015-07-18,Id-ul-Fitr,https://www.nseindia.com
2015-08-15,Independence Day,https://www.nseindia.com
2015-08-18,Parsi New Year,https://www.nseindia.com
2015-09-17,Ganesh Chaturthi,https://www.nseindia.com
2015-09-25,Bakri Id,https://www.nseindia.com
2015-10-02,Mahatma Gandhi Jayanti,https://www.nseindia.com
2015-10-22,Dussehra,https://www.nseindia.com
2015-11-11,Diwali-Laxmi Pujan,https://www.nseindia.com
2015-11-12,Diwali-Balipratipada,https://www.nseindia.com
2015-11-25,Prakash Gurpurb Sri Guru Nanak Dev,https://www.nseindia.com
2015-12-25,Christmas,https://www.nseindia.com
2016-01-26,Republic Day,https://www.nseindia.com
2016-03-07,Mahashivratri,https://www.nseindia.com
2016-03-24,Holi,https://www.nseindia.com
2016-03-25,Good Friday,https://www.nseindia.com
2016-04-14,Dr. Baba Saheb Ambedkar Jayanti,https://www.nseindia.com
2016-04-15,Shri Ram Navami,https://www.nseindia.com
2016-04-19,Shri Mahavir Jayanti,https://www.nseindia.com
2016-05-01,Maharashtra Day,https://www.nseindia.com
2016-07-06,Id-ul-Fitr,https://www.nseindia.com
2016-08-15,Independence Day,https://www.nseindia.com
2016-08-18,Parsi New Year,https://www.nseindia.com
2016-09-05,Ganesh Chaturthi,https://www.nseindia.com
2016-09-13,Bakri Id,https://www.nseindia.com
2016-10-02,Mahatma Gandhi Jayanti,https://www.nseindia.com
2016-10-11,Dussehra,https://www.nseindia.com
2016-10-30,Diwali-Laxmi Pujan,https://www.nseindia.com
2016-10-31,Diwali-Balipratipada,https://www.nseindia.com
2016-11-14,Prakash Gurpurb Sri Guru Nanak Dev,https://www.nseindia.com
2016-12-25,Christmas,https://www.nseindia.com
2017-01-26,Republic Day,https://www.nseindia.com
2017-02-24,Mahashivratri,https://www.nseindia.com
2017-03-13,Holi,https://www.nseindia.com
2017-04-05,Shri Ram Navami,https://www.nseindia.com
2017-04-09,Shri Mahavir Jayanti,https://www.nseindia.com
2017-04-14,Dr. Baba Saheb Ambedkar Jayanti / Good Friday,https://www.nseindia.com
2017-05-01,Maharashtra Day,https://www.nseindia.com
2017-06-26,Id-ul-Fitr,https://www.nseindia.com
2017-08-15,Independence Day,https://www.nseindia.com
2017-08-17,Parsi New Year,https://www.nseindia.com
2017-08-25,Ganesh Chaturthi,https://www.nseindia.com
2017-09-02,Bakri Id,https://www.nseindia.com
2017-10-02,Mahatma Gandhi Jayanti,https://www.nseindia.com
2017-09-30,Dussehra,https://www.nseindia.com
2017-10-19,Diwali-Laxmi Pujan,https://www.nseindia.com
2017-10-20,Diwali-Balipratipada,https://www.nseindia.com
2017-11-04,Prakash Gurpurb Sri Guru Nanak Dev,https://www.nseindia.com
2017-12-25,Christmas,https://www.nseindia.com
2018-01-26,Republic Day,https://www.nseindia.com
2018-02-13,Mahashivratri,https://www.nseindia.com
2018-03-02,Holi,https://www.nseindia.com
2018-03-25,Shri Ram Navami,https://www.nseindia.com
2018-03-29,Shri Mahavir Jayanti,https://www.nseindia.com
2018-03-30,Good Friday,https://www.nseindia.com
2018-04-14,Dr. Baba Saheb Ambedkar Jayanti,https://www.nseindia.com
2018-05-01,Maharashtra Day,https://www.nseindia.com
2018-06-15,Id-ul-Fitr,https://www.nseindia.com
2018-08-15,Independence Day,https://www.nseindia.com
2018-08-17,Parsi New Year,https://www.nseindia.com
2018-08-22,Bakri Id,https://www.nseindia.com
2018-09-13,Ganesh Chaturthi,https://www.nseindia.com
2018-10-02,Mahatma Gandhi Jayanti,https://www.nseindia.com
2018-10-18,Dussehra,https://www.nseindia.com
2018-11-07,Diwali-Laxmi Pujan,https://www.nseindia.com
2018-11-08,Diwali-Balipratipada,https://www.nseindia.com
2018-11-23,Prakash Gurpurb Sri Guru Nanak Dev,https://www.nseindia.com
2018-12-25,Christmas,https://www.nseindia.com
2019-01-26,Republic Day,https://www.nseindia.com
2019-03-04,Mahashivratri,https://www.nseindia.com
2019-03-21,Holi,https://www.nseindia.com
2019-04-17,Mahavir Jayanti,https://www.nseindia.com
2019-04-19,Good Friday,https://www.nseindia.com
2019-05-01,Maharashtra Day,https://www.nseindia.com
2019-06-05,Id-ul-Fitr,https://www.nseindia.com
2019-08-12,Bakri Id,https://www.nseindia.com
2019-08-15,Independence Day,https://www.nseindia.com
2019-09-02,Ganesh Chaturthi,https://www.nseindia.com
2019-10-08,Dussehra,https://www.nseindia.com
2019-10-28,Diwali-Balipratipada,https://www.nseindia.com
2019-11-12,Prakash Gurpurb Sri Guru Nanak Dev,https://www.nseindia.com
2019-12-25,Christmas,https://www.nseindia.com
2020-02-21,Mahashivratri,https://www.nseindia.com
2020-03-10,Holi,https://www.nseindia.com
2020-04-02,Shri Ram Navami,https://www.nseindia.com
2020-04-06,Shri Mahavir Jayanti,https://www.nseindia.com
2020-04-10,Good Friday,https://www.nseindia.com
2020-04-14,Dr. Baba Saheb Ambedkar Jayanti,https://www.nseindia.com
2020-05-01,Maharashtra Day,https://www.nseindia.com
2020-05-25,Id-ul-Fitr,https://www.nseindia.com
2020-07-31,Bakri Id,https://www.nseindia.com
2020-10-02,Mahatma Gandhi Jayanti,https://www.nseindia.com
2020-11-16,Diwali-Balipratipada,https://www.nseindia.com
2020-11-30,Prakash Gurpurb Sri Guru Nanak Dev,https://www.nseindia.com
2020-12-25,Christmas,https://www.nseindia.com
2021-01-26,Republic Day,https://www.nseindia.com
2021-03-11,Mahashivratri,https://www.nseindia.com
2021-03-29,Holi,https://www.nseindia.com
2021-04-02,Good Friday,https://www.nseindia.com
2021-04-14,Dr. Baba Saheb Ambedkar Jayanti,https://www.nseindia.com
2021-04-21,Shri Ram Navami,https://www.nseindia.com
2021-05-13,Id-ul-Fitr,https://www.nseindia.com
2021-07-21,Bakri Id,https://www.nseindia.com
2021-08-19,Muharram,https://www.nseindia.com
2021-08-31,Sri Krishna Janmashtami,https://www.nseindia.com
2021-09-10,Ganesh Chaturthi,https://www.nseindia.com
2021-10-15,Dussehra,https://www.nseindia.com
2021-11-04,Diwali-Laxmi Pujan,https://www.nseindia.com
2021-11-05,Diwali-Balipratipada,https://www.nseindia.com
2021-11-19,Prakash Gurpurb Sri Guru Nanak Dev,https://www.nseindia.com
2021-12-25,Christmas,https://www.nseindia.com
2022-01-26,Republic Day,https://www.nseindia.com
2022-03-01,Mahashivratri,https://www.nseindia.com
2022-03-18,Holi,https://www.nseindia.com
2022-04-14,Dr. Baba Saheb Ambedkar Jayanti / Mahavir Jayanti,https://www.nseindia.com
2022-04-15,Good Friday,https://www.nseindia.com
2022-05-03,Id-ul-Fitr,https://www.nseindia.com
2022-08-09,Muharram,https://www.nseindia.com
2022-08-15,Independence Day,https://www.nseindia.com
2022-08-31,Ganesh Chaturthi,https://www.nseindia.com
2022-10-05,Dussehra,https://www.nseindia.com
2022-10-24,Diwali-Laxmi Pujan,https://www.nseindia.com
2022-10-26,Diwali-Balipratipada,https://www.nseindia.com
2022-11-08,Prakash Gurpurb Sri Guru Nanak Dev,https://www.nseindia.com
2022-12-25,Christmas,https://www.nseindia.com
2023-01-26,Republic Day,https://www.nseindia.com
2023-03-07,Mahashivratri,https://www.nseindia.com
2023-03-30,Shri Ram Navami,https://www.nseindia.com
2023-04-04,Mahavir Jayanti,https://www.nseindia.com
2023-04-07,Good Friday,https://www.nseindia.com
2023-04-14,Dr. Baba Saheb Ambedkar Jayanti,https://www.nseindia.com
2023-05-01,Maharashtra Day,https://www.nseindia.com
2023-06-28,Bakri Id,https://www.nseindia.com
2023-08-15,Independence Day,https://www.nseindia.com
2023-09-19,Ganesh Chaturthi,https://www.nseindia.com
2023-10-02,Mahatma Gandhi Jayanti,https://www.nseindia.com
2023-10-24,Dussehra,https://www.nseindia.com
2023-11-14,Diwali-Balipratipada,https://www.nseindia.com
2023-11-27,Prakash Gurpurb Sri Guru Nanak Dev,https://www.nseindia.com
2023-12-25,Christmas,https://www.nseindia.com
2024-01-26,Republic Day,https://www.nseindia.com
2024-03-08,Mahashivratri,https://www.nseindia.com
2024-03-25,Holi,https://www.nseindia.com
2024-03-29,Good Friday,https://www.nseindia.com
2024-04-11,Id-ul-Fitr,https://www.nseindia.com
2024-04-17,Shri Ram Navami,https://www.nseindia.com
2024-05-01,Maharashtra Day,https://www.nseindia.com
2024-06-17,Bakri Id,https://www.nseindia.com
2024-07-17,Muharram,https://www.nseindia.com
2024-08-15,Independence Day,https://www.nseindia.com
2024-10-02,Mahatma Gandhi Jayanti,https://www.nseindia.com
2024-11-01,Diwali-Laxmi Pujan,https://www.nseindia.com
2024-11-02,Diwali-Balipratipada,https://www.nseindia.com
2024-11-15,Prakash Gurpurb Sri Guru Nanak Dev,https://www.nseindia.com
2024-12-25,Christmas,https://www.nseindia.com
2025-01-26,Republic Day,https://www.nseindia.com
2025-02-26,Mahashivratri,https://www.nseindia.com
2025-03-14,Holi,https://www.nseindia.com
2025-03-31,Id-ul-Fitr,https://www.nseindia.com
2025-04-06,Shri Ram Navami,https://www.nseindia.com
2025-04-10,Shri Mahavir Jayanti,https://www.nseindia.com
2025-04-14,Dr. Baba Saheb Ambedkar Jayanti,https://www.nseindia.com
2025-04-18,Good Friday,https://www.nseindia.com
2025-05-01,Maharashtra Day,https://www.nseindia.com
2025-06-07,Bakri Id,https://www.nseindia.com
2025-07-06,Muharram,https://www.nseindia.com
2025-08-15,Independence Day,https://www.nseindia.com
2025-10-02,Mahatma Gandhi Jayanti / Dussehra,https://www.nseindia.com
2025-10-21,Diwali-Laxmi Pujan,https://www.nseindia.com
2025-10-22,Diwali-Balipratipada,https://www.nseindia.com
2025-11-05,Prakash Gurpurb Sri Guru Nanak Dev,https://www.nseindia.com
2025-12-25,Christmas,https://www.nseindia.com
2026-01-15,Municipal Corporation Election - Maharashtra,https://www.nseindia.com/resources/exchange-communication-holidays
2026-01-26,Republic Day,https://www.nseindia.com/resources/exchange-communication-holidays
2026-03-03,Holi,https://www.nseindia.com/resources/exchange-communication-holidays
2026-03-26,Shri Ram Navami,https://www.nseindia.com/resources/exchange-communication-holidays
2026-03-31,Shri Mahavir Jayanti,https://www.nseindia.com/resources/exchange-communication-holidays
2026-04-03,Good Friday,https://www.nseindia.com/resources/exchange-communication-holidays
2026-04-14,Dr. Baba Saheb Ambedkar Jayanti,https://www.nseindia.com
2026-05-01,Maharashtra Day,https://www.nseindia.com
2026-05-28,Bakri Id,https://www.nseindia.com
2026-06-26,Muharram,https://www.nseindia.com
2026-09-14,Ganesh Chaturthi,https://www.nseindia.com
2026-10-02,Mahatma Gandhi Jayanti,https://www.nseindia.com
2026-10-20,Dussehra,https://www.nseindia.com
2026-11-10,Diwali-Balipratipada,https://www.nseindia.com
2026-11-24,Prakash Gurpurb Sri Guru Nanak Dev,https://www.nseindia.com
2026-12-25,Christmas,https://www.nseindia.com
2026-11-08,Diwali Laxmi Pujan / Muhurat Trading,https://www.nseindia.com
